{"kjournald": [[43506, 0.49999540774997353], [23, 0.508711028387437], [43459, 0.20010126544798543], [30, 0.433358741968634], [43380, 0.49997696125900615], [29, 0.45520561967880324], [43456, 0.4000092204314359], [30, 0.42668126311298216]], "pdflush": [[82273, 0.49994287338774146], [50, 0.4280008251876619], [46, 0.421759528034818], [41, 0.4000112908114184], [81968, 0.39999512955624256], [81731, 0.499974310254674], [45, 0.4266793334017195], [81994, 0.20008293876537175]], "httpd": [[60, 0.26668268987670607], [31, 0.3871061638821645], [57, 0.4807189980051823], [47, 0.31916277636317936], [22, 0.4000216987896147], [28, 0.3857444683449295], [52, 0.40769679219136346], [119, 0.5042026629321832]], "swapper": [[16, 0.4750311197893846], [20, 0.4200380177533389], [17, 0.4353162311837646], [30227, 0.20012574400928598], [30213, 0.40001987283577617], [30492, 0.4999606713008082], [19, 0.42107138506355596], [29960, 0.49997330494131076]], "run-parts": [[2, 0.6003861574593627], [2, 0.6002226490249072], [1, 1.0009370354256952], [5, 0.6000256595855065], [1, 1.0006173473965543], [3, 0.6000612698344684], [1, 1.0006807552750876], [1, 1.0009236189776258]], "kswapd0": [[11, 0.54553572505845], [7, 0.31432375443575894], [1, 1.0005771543524815], [3, 0.6000647368911403], [1, 1.0007939732504563], [1, 1.0005039283345114], [3, 0.6667035851887064], [5, 0.5200760371309456]], "notes.all.cgi": [[3, 0.4667625542820748], [3, 0.6666753520022256], [7, 0.5714782066411298], [4, 0.5500392630334744], [3, 0.46678708375681893], [1, 1.000607666119046], [1, 1.000920189648191], [2, 0.7001837917755889]], "syslogd": [[213, 0.40281863515290744], [239, 0.5020960223668243], [118, 0.20678484050104942], [1, 1.0008681830189832], [1, 1.000752502640099], [1, 1.0006765167023883], [187, 0.5026755297555493], [96, 0.20834133783562017]], "tcsh": [[7, 0.5143436701482851], [8, 0.4750849095151894], [5, 0.520132217316929], [8, 0.3750827505851375], [6, 0.500152241415096], [5, 0.48016858143494956], [12, 0.5166935742596684], [5, 0.5200899977794]], "sshd": [[6, 0.5000747809675314], [1, 1.0006295976069206], [3, 0.6669239603480189], [1, 1.000860392975232], [7, 0.31435177462750596], [2, 0.7002370008207652], [11, 0.5454757264226726], [1, 1.0008477140377587]], "touch": [[1, 1.000824635113413], [1, 1.0004298604480404], [1, 1.000353660205428], [2, 0.6003440316402384], [1, 1.0008820456205867], [3, 0.6667710496928431], [1, 1.0005169698941847], [2, 0.7003279279347365]], "awk": [[2, 0.7002345531538579], [11, 0.5454749429317446], [1, 1.000634453769834], [4, 0.5500868299410622], [3, 0.466820314682187], [1, 1.0006379487721713], [2, 0.6004944327701808], [4, 0.45013801108073304]], "infograb.sh": [[1, 1.0008260238896662], [2, 0.700130867489674], [1, 1.000881991777748], [1, 1.0006142315584756], [2, 0.600499744625612], [1, 1.0007850463194863], [3, 0.6666731720129428], [1, 1.000968335580136]], "xinetd": [[2, 0.7002986142948622], [1, 1.0005750451416988], [3, 0.46694994022987907], [10, 0.460056422919905], [6, 0.5667633013157196], [9, 0.46669898983603936], [11, 0.5454641826151706], [6, 0.33340135017388745]], "daily": [[3, 0.6666912720491739], [1, 1.0006809712856848], [1, 1.0004371748469114], [1, 1.000614005489711], [2, 0.6001583531880428], [2, 0.7001426743148598], [1, 1.0009594449896726], [1, 1.0005316839672471]], "tmpwatch": [[3, 0.66680939137132], [1, 1.0001153326708316], [1, 1.0008245029585077], [2, 0.6000356312138393], [2, 0.7004182890395281], [1, 1.000756281825223], [1, 1.000622517657052], [1, 1.0009293994110202]], "amd": [[4, 0.500111863916531], [29, 0.5172462214230943], [6, 0.5000769162357428], [7, 0.514349222733674], [9, 0.5556099450132885], [20, 0.24001571829662255], [8, 0.5250424152902213], [13, 0.430784044817678]], "logrotate": [[2, 0.7003581923861968], [9, 0.5555710244655856], [1, 1.0004760056202113], [1, 1.0005696684853487], [1, 1.000862606647148], [5, 0.3600803430942496], [2, 0.7003231405138963], [3, 0.6001331628849896]], "rpmq": [[295, 0.2047474959680944], [655, 0.5007637491244789], [310, 0.20322875773572352], [1152, 0.5003472336578173], [595, 0.20134618161946197], [906, 0.40066301139883737], [290, 0.40138231369556665], [585, 0.5008560711786485]], "cupsd": [[7, 0.5714434758684775], [11, 0.5455243523531522], [7, 0.485736591309303], [6, 0.3334219710287793], [1, 1.0007420588913054], [3, 0.6001440586657486], [4, 0.4002112883622441], [1, 1.0009415549831235]], "kblockd/0": [[2, 0.7000816546848427], [1, 1.0004575546193057], [1, 1.000498730909592], [3, 0.6668531962151194], [1, 1.00023750281138], [2, 0.6000986708596739], [1, 1.000732009672509], [1, 1.0002200853377947]], "ntpd": [[1, 1.0003666754734308], [1, 1.0009342076581722], [1, 1.0007262852969363], [1, 1.0002885812985831], [5, 0.6000197495179321], [3, 0.46693724217490445], [2, 0.7000649293553827], [2, 0.7000429006010112]], "sort": [[1, 1.0007822845165413], [1, 1.0001818584702817], [1, 1.0002283897282018], [3, 0.6667294212260062], [2, 0.6000036013638829], [1, 1.0000133870543555], [1, 1.00063204743634], [2, 0.70012933381457]], "ypbind": [[1, 1.0008944006880383], [1, 1.0003692911332371], [2, 0.7001778565624002], [3, 0.6667417554977678], [1, 1.000975235013099], [1, 1.000368696198196], [2, 0.6003424204924054], [1, 1.0009097294730191]], "index.cgi": [[1, 1.000194589945817], [2, 0.7000421326201862], [3, 0.6669887299043623], [2, 0.6003340311414193], [1, 1.0001074751400314], [1, 1.0006638756100612], [1, 1.0001220325839102], [1, 1.000233353548126]], "grades.cgi": [[3, 0.6669747753214065], [2, 0.6003483301779857], [1, 1.0007199043197361], [1, 1.0006574594964566], [4, 0.4000975151040747], [4, 0.5500957161885544], [7, 0.5714794589588091], [2, 0.7001987743245652]], "listconf.cgi": [[2, 0.7002838907468678], [1, 1.0001701207954317], [1, 1.0008599094375819], [4, 0.40013480437091786], [3, 0.6000334344046717], [5, 0.6000752520875503], [3, 0.6666765800517265], [1, 1.0007851314710892]], "crontab": [[3, 0.6003233650319874], [1, 1.0002339795140103], [5, 0.6000019999922024], [2, 0.6000320594345437], [1, 1.0009458700500435], [1, 1.000995909609108], [2, 0.6003879114047481], [1, 1.0009195640174582]], "scp": [[1, 1.000613881786055], [1, 1.0007846965619043], [17, 0.5294131184241028], [7, 0.48576146804758874], [7, 0.4857400089129443], [5, 0.3600524504696063], [9, 0.2889153808799987], [9, 0.5556656840567701]], "python": [[12, 0.43334178717931104], [16, 0.4375063093018386], [43, 0.5116297840849309], [18, 0.5000111684612717], [1, 1.0005150865881374], [1, 1.000679934419505], [5, 0.4000730822241527], [24, 0.23333869826395368]], "setPath.cgi": [[1, 1.000452822723233], [3, 0.666672084614064], [3, 0.4669770820293744], [4, 0.5500140284279837], [1, 1.0009267895449496], [2, 0.6001185324156126], [5, 0.6000737931888794], [1, 1.0007108764628347]], "mv": [[1, 1.0006229913278974], [1, 1.0005492537169012], [2, 0.6001290790681105], [1, 1.0004458305779607], [1, 1.0003408943227305], [2, 0.7001260755482923], [3, 0.6669396935909745], [1, 1.0007188329184038]], "mail": [[2, 0.7004323841127469], [3, 0.666669260876791], [2, 0.6000565085649621], [1, 1.0005675865838146], [1, 1.0009664664248972], [1, 1.0007432602257866], [1, 1.0009511946413854], [1, 1.0002859255635361]], "display_agents.": [[1, 1.0005281532367933], [1, 1.0004725752357178], [3, 0.6000683220645109], [2, 0.6004890796880221], [2, 0.6001445136977065], [3, 0.6668571330914209], [3, 0.6666694901700531], [1, 1.0004460448437118]], "ps": [[1, 1.0002311255391563], [1, 1.0002765078406668], [1, 1.0007669241795083], [1, 1.0009372308825342], [3, 0.6667410400262793], [1, 1.0004790958987166], [2, 0.6000755003324464], [2, 0.7000188606447544]], "rdistd": [[2, 0.7001545295626692], [1, 1.000518897124764], [2, 0.6001564384868223], [3, 0.6667493673890972], [1, 1.0009421502052516], [1, 1.00031890406863], [1, 1.0009350080728263], [1, 1.0008495802929935]], "kblockd/1": [[4, 0.5502048552763223], [1, 1.0009736191613536], [4, 0.4001897535738685], [4, 0.5501450750132588], [4, 0.4002215991971615], [9, 0.5555670086237706], [5, 0.6000095746289345], [1, 1.0009902076180368]],